Number,Image,Name,Stage,Attribute,Evolutions,,,,,
1,,Kuramon,In-Training I,None,Pagumon,Tsumemon,,,,
2,,Choromon,In-Training I,None,Caprimon,,,,,
3,,Dodomon,In-Training I,None,Wanyamon,Dorimon,,,,
4,,Pabumon,In-Training I,None,Mochimon,Pyocomon,Tanemon,,,
5,,Punimon,In-Training I,None,Tunomon,Nyaromon,,,,
6,,Botamon,In-Training I,None,Koromon,,,,,
7,,Poyomon,In-Training I,None,Pukamon,Tokomon,,,,
8,,Kapurimon,In-Training II,None,Hagurumon,Kokuwamon,Toy Agumon,Solarmon,,
9,,Koromon,In-Training II,None,Agumon,Guilmon,Dracomon,Kotemon,Betamon,Shoutmon
10,,Tanemon,In-Training II,None,Funbeemon,Lalamon,Palmon,Mushmon,Floramon,
11,,Tsunomon,In-Training II,None,Goburimon,V-Mon,Gabumon,Ryudamon,Elecmon,Zubamon
12,,Tsumemon,In-Training II,None,Dracumon,Shamamon,Keramon,,,
13,,Tokomon,In-Training II,None,Patamon,Coronamon,Terriermon,Armadimon,Lucemon,
14,,Dorimon,In-Training II,None,Dorumon,Monodramon,Snow Goburimon,Lopmon,,
15,,Nyaromon,In-Training II,None,Lunamon,Kudamon,Plotmon,Hackmon,,
16,,Pagumon,In-Training II,None,Impmon,Pico Devimon,Gazimon,Otamamon,,
17,,Yokomon,In-Training II,None,Piyomon,Penmon,Falcomon,Hawkmon,Hyokomon,Muchomon
18,,Bukamon,In-Training II,None,Kamemon,Ganimon,Gomamon,Gizamon,Shakomon,
19,,Motimon,In-Training II,None,Tyumon,Tentomon,Wormmon,Gottsumon,,
20,,Wanyamon,In-Training II,None,Gaomon,Bakumon,Bearmon,Renamon,,
21,,Agumon,Rookie,Vaccine,Raptordramon,Geo Greymon,Numemon,Greymon,Coredramon (Green),Agumon -Yuki No Kizuna-
22,,Kudamon,Rookie,Vaccine,Airdramon,Reppamon,Angemon,Ginryumon,Wolfmon,Sorcerimon
23,,Gomamon,Rookie,Vaccine,Mojyamon,Ikkakumon,Yukidarumon,Hyougamon,Ice Devimon,
24,,Coronamon,Rookie,Vaccine,Firamon,Meramon,Growmon,Bao Hackmon,Birdramon,Agnimon
25,,Zubamon,Rookie,Vaccine,Musyamon,Buraimon,Tankmon,Zubaeagermon,Ankylomon,Guardromon (Gold)
26,,Solarmon,Rookie,Vaccine,Starmon,Gold Numemon,Meramon,Guardromon (Gold),,
27,,Terriermon,Rookie,Vaccine,Mojyamon,Lekismon,Gawappamon,Gargomon,Rapidmon Armor,
28,,Tentomon,Rookie,Vaccine,Kabuterimon,Sunflowmon,Kuwagamon,Waspmon,Snimon,
29,,ToyAgumon,Rookie,Vaccine,Blimpmon,Revolmon,Raremon,Tankmon,Gargomon,
30,,Tapirmon,Rookie,Vaccine,Meramon,Garurumon,Bakemon,Unimon,Kyubimon,
31,,Hyokomon,Rookie,Vaccine,Peckmon,Birdramon,Dinohumon,Buraimon,,
32,,Biyomon,Rookie,Vaccine,Aquilamon,Birdramon,Unimon,Wizarmon,,
33,,Falcomon,Rookie,Vaccine,Peckmon,Ginryumon,Kiwimon,,,
34,,Salamon,Rookie,Vaccine,Tailmon,Sangloupmon,Dobermon,Ikkakumon,V-Dramon,Drimogemon
35,,Bearmon,Rookie,Vaccine,Gryzmon,Gaogamon,Mojyamon,Leomon,,
36,,Penmon,Rookie,Vaccine,Peckmon,Buraimon,Kiwimon,Aquilamon,,
37,,Monodramon,Rookie,Vaccine,Strikedramon,Raptordramon,Deltamon,Chrysalimon,Cyclomon,
38,,Ryudamon,Rookie,Vaccine,Reppamon,Coelamon,Ginryumon,Greymon,Monochromon,
39,,Lucemon,Rookie,Vaccine,Lucemon: Falldown Mode,,,,,
40,,Elecmon,Rookie,Data,Aegiomon,Seadramon,Unimon,Kuwagamon,Gekomon,
41,,Gaomon,Rookie,Data,Strikedramon,Gaogamon,Leomon,Nanimon,Turuiemon,
42,,Crabmon,Rookie,Data,Gawappamon,Octmon,Shellmon,Raremon,Snimon,Coelamon
43,,Gabumon,Rookie,Data,Garurumon,Ikkakumon,Drimogemon,Kyubimon,Geremon,Gabumon -Yujo No Kizuna-
44,,Kamemon,Rookie,Data,Gawappamon,Octmon,Shellmon,Karatuki Numemon,Dinohumon,Sorcerimon
45,,Kokuwamon,Rookie,Data,Centalmon,Kuwagamon,Clockmon,Waspmon,Mechanorimon,
46,,Gotsumon,Rookie,Data,Starmon,Guardromon,Golemon,Monochromon,Icemon,Tuchidarumon
47,,Kotemon,Rookie,Data,Turuiemon,Musyamon,Revolmon,Dinohumon,Coredramon (Blue),
48,,Shoutmon,Rookie,Data,Omega Shoutmon,Zubaeagermon,Gargomon,Guardromon (Gold),,
49,,Dracomon,Rookie,Data,Coredramon (Green),Coredramon (Blue),Deltamon,V-Dramon,Seadramon,Tyranomon
50,,Dorumon,Rookie,Data,Raptordramon,Airdramon,Sangloupmon,Xv-Mon,Drimogemon,Dorugamon
51,,Patamon,Rookie,Data,Angemon,Pegasmon,Unimon,Centalmon,,
52,,Huckmon,Rookie,Data,Tailmon,Geo Greymon,Growmon,Bao Hackmon,Greymon,
53,,Palmon,Rookie,Data,Mojyamon,Vegimon,Togemon,Woodmon,Chrysalimon,Platinum Scumon
54,,Floramon,Rookie,Data,Vegimon,Togemon,Woodmon,Sunflowmon,Kiwimon,
55,,Muchomon,Rookie,Data,Airdramon,Peckmon,Birdramon,Fugamon,,
56,,Lalamon,Rookie,Data,Sunflowmon,Togemon,Revolmon,Tuchidarumon,Turuiemon,
57,,Lunamon,Rookie,Data,Lekismon,Garurumon,Yukidarumon,Hyougamon,Sorcerimon,Icemon
58,,Renamon,Rookie,Data,Lekismon,Sunflowmon,Reppamon,Kyubimon,,
59,,Lopmon,Rookie,Data,Gryzmon,Minotaurmon,Leomon,Turuiemon,Wendimon,Tuchidarumon
60,,Impmon,Rookie,Virus,Bakemon,Wizarmon,Clockmon,Sangloupmon,Devimon,Witchmon
61,,Otamamon,Rookie,Virus,Seadramon,Numemon,Gekomon,Karatuki Numemon,Platinum Scumon,
62,,Gazimon,Rookie,Virus,Sangloupmon,Black Tailmon,Gaogamon,Bao Hackmon,Dobermon,Dorugamon
63,,Gizamon,Rookie,Virus,Cyclomon,Flymon,Zubaeagermon,Ankylomon,Geremon,Ranamon
64,,Guilmon,Rookie,Virus,Geo Greymon,Growmon,Xv-Mon,Tyranomon,,
65,,Goblimon,Rookie,Virus,Golemon,Wendimon,Deltamon,Tuskmon,Orgemon,
66,,Shamamon,Rookie,Virus,Minotaurmon,Musyamon,Fugamon,Witchmon,,
67,,Syakomon,Rookie,Virus,Coelamon,Shellmon,Karatuki Numemon,Octmon,Raremon,
68,,SnowGoblimon,Rookie,Virus,Tailmon,Monochromon,Yukidarumon,Hyougamon,Ice Devimon,Icemon
69,,Chuumon,Rookie,Virus,Black Tailmon,Scumon,Tailmon,Gekomon,Geremon,Platinum Scumon
70,,Dracmon,Rookie,Virus,Sangloupmon,Scumon,Wizarmon,Starmon,,
71,,Hagurumon,Rookie,Virus,Clockmon,Mechanorimon,Tankmon,Guardromon,Blimpmon,
72,,DemiDevimon,Rookie,Virus,Bakemon,Ice Devimon,Devimon,Orgemon,,
73,,Funbeemon,Rookie,Virus,Waspmon,Flymon,Dokugumon,Stingmon,Gold Numemon,Kabuterimon
74,,Betamon,Rookie,Virus,Seadramon,Coelamon,Devimon,Numemon,Vegimon,Tuskmon
75,,Mushroomon,Rookie,Virus,Scumon,Nanimon,Woodmon,Flymon,,
76,,Armadillomon,Rookie,Free,Digmon,Submarimon,Golemon,Ankylomon,,
77,,VeeMon,Rookie,Free,Xv-Mon,V-Dramon,Lighdramon,Magnamon,Fladramon,
78,,Hawkmon,Rookie,Free,Firamon,Holsmon,Shurimon,Aquilamon,,
79,,Wormmon,Rookie,Free,Stingmon,Dokugumon,Snimon,,,
80,,Keramon,Rookie,Unknown,Dokugumon,Wendimon,Octmon,Mechanorimon,Chrysalimon,
81,,Aegiomon,Champion,Vaccine,Aegiochusmon,Aegiochusmon: Dark,Aegiochusmon: Holy,Aegiochusmon: Blue,Aegiochusmon: Green,
82,,Ikkakumon,Champion,Vaccine,Whamon,Mega Seadramon,Zudomon,Skullseadramon,,
83,,Airdramon,Champion,Vaccine,Hisyaryumon,Megadramon,Aero V-Dramon,Gigadramon,,
84,,Angemon,Champion,Vaccine,Hippogriffomon,Holy Angemon,Sirenmon,Shakkoumon,,
85,,Kabuterimon,Champion,Vaccine,Lilamon,Atlur Kabuterimon,Cannonbeemon,Chimairamon,,
86,,Gargomon,Champion,Vaccine,Catch Mamemon,Mach Gaogamon,Rapidmon Perfect,,,
87,,Garurumon,Champion,Vaccine,Were Garurumon,Blue Meramon,Taomon,Chimairamon,,
88,,Ginryumon,Champion,Vaccine,Hisyaryumon,Skull Greymon,Butenmon,,,
89,,Gryzzlymon,Champion,Vaccine,Were Garurumon,Grappu Leomon,Great Gryzmon,,,
90,,Greymon,Champion,Vaccine,Metal Greymon,Megadramon,Skull Greymon,Chimairamon,,
91,,Coredramon (Blue),Champion,Vaccine,Wingdramon,Aero V-Dramon,Gigadramon,,,
92,,GeoGreymon,Champion,Vaccine,Rize Greymon,Metal Tyranomon,Cyberdramon,,,
93,,Strikedramon,Champion,Vaccine,Cyberdramon,Savior Hackmon,Locomon,,,
94,,Snimon,Champion,Vaccine,Okuwamon,Fantomon,Archnemon,Jewelbeemon,,
95,,ZubaEagermon,Champion,Vaccine,Grademon,Megalo Growmon,Duramon,Knightmon,,
96,,Sorcermon,Champion,Vaccine,Holy Angemon,Piccolomon,Wisemon,,,
97,,Gatomon,Champion,Vaccine,Nefertimon,Angewomon,Silphymon,,,
98,,Dobermon,Champion,Vaccine,Matadrmon,Dark Super Starmon,Cerberumon,Mummymon,,
99,,Birdramon,Champion,Vaccine,Flaremon,Garudamon,Death Meramon,Parrotmon,,
100,,Firamon,Champion,Vaccine,Flaremon,Savior Hackmon,Mistymon,,,
101,,VeeDramon,Champion,Vaccine,Wingdramon,Aero V-Dramon,Cyberdramon,,,
102,,Buraimon,Champion,Vaccine,Butenmon,Duramon,Garudamon,,,
103,,Peckmon,Champion,Vaccine,Tyilinmon,Vamdemon,Yatagaramon,,,
104,,Mojyamon,Champion,Vaccine,Zudomon,Piccolomon,Mistymon,Mammon,,
105,,Frigimon,Champion,Vaccine,Crescemon,Angewomon,Panjyamon,Insekimon,Mammon,
106,,Unimon,Champion,Vaccine,Hippogriffomon,Holy Angemon,Tyilinmon,,,
107,,Raptordramon,Champion,Vaccine,Grademon,Gigadramon,Tankdramon,,,
108,,Deputymon,Champion,Vaccine,Pandamon,Super Starmon,Wisemon,,,
109,,Leomon,Champion,Vaccine,Flaremon,Grappu Leomon,Panjyamon,Loader Leomon,,
110,,Reppamon,Champion,Vaccine,Tyilinmon,Mega Seadramon,Angewomon,Doruguremon,,
111,,Icemon,Champion,Data,Crescemon,Insekimon,Panjyamon,,,
112,,Wizarmon,Champion,Data,Nanomon,Mistymon,Wisemon,,,
113,,Witchmon,Champion,Data,Lady Devimon,Angewomon,Lilimon,,,
114,,Gaogamon,Champion,Data,Mach Gaogamon,Savior Hackmon,Dark Super Starmon,,,
115,,Gawappamon,Champion,Data,Shawujinmon,Hangyomon,Tonosama Gekomon,,,
116,,Kiwimon,Champion,Data,Lilamon,Sirenmon,Delumon,Jyureimon,,
117,,Kyubimon,Champion,Data,Blue Meramon,Cerberumon,Taomon,Enbarrmon,,
118,,Clockmon,Champion,Data,Ex-Tyranomon,Andromon,Zudomon,Knightmon,,
119,,Centalmon,Champion,Data,Andromon,Nanomon,Rapidmon Perfect,,,
120,,Sunflowmon,Champion,Data,Lilamon,Lilimon,Delumon,Pumpmon,,
121,,Seadramon,Champion,Data,Whamon,Mega Seadramon,Waru Seadramon,Hisyaryumon,Sharkmon,Skullseadramon
122,,Coelamon,Champion,Data,Waru Seadramon,Metal Tyranomon,Anomalocarimon,Hangyomon,Skullseadramon,
123,,Shellmon,Champion,Data,Whamon,Piccolomon,Anomalocarimon,,,
124,,Starmon,Champion,Data,Volcamon,Super Starmon,Dark Super Starmon,Mamemon,,
125,,Tankmon,Champion,Data,Big Mamemon,Locomon,Tankdramon,,,
126,,Tuchidarumon,Champion,Data,Delumon,Gerbemon,Andiramon,,,
127,,Dinohumon,Champion,Data,Shawujinmon,Grademon,Knightmon,,,
128,,Tyranomon,Champion,Data,Ex-Tyranomon,Groundramon,Metal Greymon,Metal Tyranomon,,
129,,Turuiemon,Champion,Data,Matadrmon,Mach Gaogamon,Andiramon,,,
130,,Togemon,Champion,Data,Lilimon,Jyureimon,Pumpmon,,,
131,,Drimogemon,Champion,Data,Triceramon,Loader Leomon,Brachiomon,,,
132,,Dorugamon,Champion,Data,Rize Greymon,Doruguremon,Great Gryzmon,,,
133,,Bao Hackmon,Champion,Data,Rize Greymon,Savior Hackmon,Loader Leomon,,,
134,,Blimpmon,Champion,Data,Locomon,Metal Mamemon,Master Blimpmon,,,
135,,Meramon,Champion,Data,Big Mamemon,Blue Meramon,Death Meramon,,,
136,,Monochromon,Champion,Data,Triceramon,Cerberumon,Mammon,,,
137,,Lekismon,Champion,Data,Crescemon,Were Garurumon,Grappu Leomon,,,
138,,Ice Devimon,Champion,Virus,Crescemon,Lady Devimon,Panjyamon,Enbarrmon,,
139,,Wendimon,Champion,Virus,Archnemon,Death Meramon,Andiramon,,,
140,,Woodmon,Champion,Virus,Jyureimon,Taomon,Pumpmon,,,
141,,Orgemon,Champion,Virus,Skull Satamon,Mummymon,Digitamamon,,,
142,,Octmon,Champion,Virus,Dagomon,Digitamamon,Hangyomon,,,
143,,Guardromon,Champion,Virus,Catch Mamemon,Locomon,Andromon,,,
144,,Karatuki Numemon,Champion,Virus,Orochimon,Waru Seadramon,Black King Numemon,Pandamon,,
145,,Growmon,Champion,Virus,Megalo Growmon,Groundramon,Doruguremon,,,
146,,Kuwagamon,Champion,Virus,Jyureimon,Okuwamon,Anomalocarimon,Chimairamon,,
147,,Gekomon,Champion,Virus,Sirenmon,Tonosama Gekomon,Hangyomon,,,
148,,Geremon,Champion,Virus,Catch Mamemon,Super Starmon,Monzaemon,,,
149,,Coredramon (Green),Champion,Virus,Megalo Growmon,Groundramon,Skull Greymon,,,
150,,Gold Numemon,Champion,Virus,Waru Seadramon,Vademon,Black King Numemon,,,
151,,Golemon,Champion,Virus,Volcamon,Mammon,Insekimon,,,
152,,Cyclomon,Champion,Virus,Grademon,Cyberdramon,Brachiomon,,,
153,,Sangloupmon,Champion,Virus,Matadrmon,Vamdemon,Astamon,,,
154,,Scumon,Champion,Virus,Monzaemon,Etemon,Gerbemon,Mamemon,,
155,,Tuskmon,Champion,Virus,Triceramon,Groundramon,Digitamamon,,,
156,,Devimon,Champion,Virus,Vamdemon,Lady Devimon,Infermon,Skull Satamon,Astamon,
157,,Deltamon,Champion,Virus,Orochimon,Chimairamon,Skull Baluchimon,Metal Greymon,Sharkmon,
158,,Dokugumon,Champion,Virus,Archnemon,Mummymon,Atlur Kabuterimon,Infermon,,
159,,Nanimon,Champion,Virus,Volcamon,Super Starmon,Etemon,Mamemon,,
160,,Numemon,Champion,Virus,Monzaemon,Dark Super Starmon,Etemon,,,
161,,Bakemon,Champion,Virus,Vamdemon,Blue Meramon,Fantomon,Enbarrmon,,
162,,Hyougamon,Champion,Virus,Zudomon,Fantomon,Panjyamon,,,
163,,Fugamon,Champion,Virus,Volcamon,Skull Satamon,Garudamon,,,
164,,Flymon,Champion,Virus,Megadramon,Atlur Kabuterimon,Okuwamon,Jewelbeemon,,
165,,Platinum Scumon,Champion,Virus,Vademon,Mamemon,Metal Mamemon,,,
166,,Black Tailmon,Champion,Virus,Pandamon,Lady Devimon,Skull Baluchimon,,,
167,,Vegimon,Champion,Virus,Tonosama Gekomon,Gerbemon,Vademon,,,
168,,Minotaurmon,Champion,Virus,Triceramon,Etemon,Grappu Leomon,,,
169,,Musyamon,Champion,Virus,Grademon,Butenmon,Hisyaryumon,,,
170,,Mechanorimon,Champion,Virus,Big Mamemon,Megadramon,Nanomon,,,
171,,Raremon,Champion,Virus,Dagomon,Black King Numemon,Tonosama Gekomon,Ex-Tyranomon,Skull Baluchimon,
172,,Waspmon,Champion,Virus,Rapidmon Perfect,Cannonbeemon,Tankdramon,,,
173,,Aquilamon,Champion,Free,Garudamon,Parrotmon,Silphymon,Yatagaramon,,
174,,Ankylomon,Champion,Free,Shakkoumon,Insekimon,Brachiomon,,,
175,,Xv-Mon,Champion,Free,Dinobeemon,Rize Greymon,Paildramon,,,
176,,Guardromon (Gold),Champion,Free,Duramon,Cannonbeemon,Master Blimpmon,,,
177,,Stingmon,Champion,Free,Okuwamon,Jewelbeemon,Dinobeemon,Paildramon,,
178,,Chrysalimon,Champion,Unknown,Dagomon,Orochimon,Archnemon,Infermon,,
179,,Submarimon,Armor,Free,,,,,,
180,,Shurimon,Armor,Free,,,,,,
181,,Digmon,Armor,Free,,,,,,
182,,Nefertimon,Armor,Free,,,,,,
183,,Fladramon,Armor,Free,,,,,,
184,,Pegasmon,Armor,Free,,,,,,
185,,Holsmon,Armor,Free,,,,,,
186,,Lighdramon,Armor,Free,,,,,,
187,,Agnimon,Human Hybrid,Variable,Aldamon,Vritramon,,,,
188,,Wolfmon,Human Hybrid,Variable,Beowolfmon,Garummon,,,,
189,,Ranamon,Human Hybrid,Variable,Calamaramon,,,,,
190,,Vritramon,Beast Hybrid,Variable,Aldamon,Agnimon,,,,
191,,Calamaramon,Beast Hybrid,Variable,Ranamon,,,,,
192,,Garummon,Beast Hybrid,Variable,Beowolfmon,Wolfmon,,,,
193,,Aegiochusmon,Ultimate,Vaccine,Jupitermon,,,,,
194,,Aegiochusmon: Green,Ultimate,Vaccine,Jupitermon,,,,,
195,,Aegiochusmon: Dark,Ultimate,Vaccine,Chronomon Destroy,,,,,
196,,Aegiochusmon: Blue,Ultimate,Vaccine,Jupitermon,,,,,
197,,Aegiochusmon: Holy,Ultimate,Vaccine,Jupitermon,,,,,
198,,Atlur Kabuterimon,Ultimate,Vaccine,Tyrant Kabuterimon,Herakle Kabuterimon,,,,
199,,Andromon,Ultimate,Vaccine,Hi Andromon,Boltmon,Craniummon,,,
200,,Wingdramon,Ultimate,Vaccine,Shine Greymon,Valdurmon,Slayerdramon,,,
201,,Aero V-Dramon,Ultimate,Vaccine,Goddramon,Slayerdramon,Ulforce V-Dramon,,,
202,,Ex-Tyranomon,Ultimate,Vaccine,Rust Tyranomon,Belphemon: Sleep Mode,Cherubimon (Virtue),,,
203,,Angewomon,Ultimate,Vaccine,Junomon,Ofanimon,Holydramon,Mastemon,,
204,,Garudamon,Ultimate,Vaccine,Griffomon,Hououmon,Jesmon,,,
205,,Grappu Leomon,Ultimate,Vaccine,Bancho Leomon,Marsmon,Saber Leomon,Duftmon,,
206,,Grademon,Ultimate,Vaccine,Alphamon,Durandamon,Dynasmon,,,
207,,Great Gryzmon,Ultimate,Vaccine,Callismon,Cherubimon (Vice),,,,
208,,Cerberumon,Ultimate,Vaccine,Plutomon,Cerberumon: Werewolf Mode,Saber Leomon,,,
209,,Cerberumon: Werewolf Mode,Ultimate,Vaccine,Plutomon,Cerberumon,Saber Leomon,,,
210,,Cyberdramon,Ultimate,Vaccine,Ulforce V-Dramon,Justimon,,,,
211,,Jewelbeemon,Ultimate,Vaccine,Herakle Kabuterimon,Tiger Vespamon,,,,
212,,Zudomon,Ultimate,Vaccine,Vikemon,Plesiomon,,,,
213,,Tyilinmon,Ultimate,Vaccine,Sleipmon,Crossmon,Valkyrimon,,,
214,,Duramon,Ultimate,Vaccine,War Greymon,Dukemon,Durandamon,,,
215,,Parrotmon,Ultimate,Vaccine,Crossmon,Hououmon,,,,
216,,Panjyamon,Ultimate,Vaccine,Mirage Gaogamon,Saber Leomon,,,,
217,,Hisyaryumon,Ultimate,Vaccine,Ouryumon,Gaioumon,,,,
218,,Butenmon,Ultimate,Vaccine,Chronomon,Chronomon Destroy,Griffomon,Gaioumon,,
219,,Flaremon,Ultimate,Vaccine,Apollomon,Seraphimon,,,,
220,,Whamon,Ultimate,Vaccine,Leviamon,Neptunemon,Plesiomon,Marin Angemon,,
221,,Holy Angemon,Ultimate,Vaccine,Goddramon,Seraphimon,Clavis Angemon,Slash Angemon,,
222,,Mammon,Ultimate,Vaccine,Vikemon,Skull Mammon,,,,
223,,Metal Greymon,Ultimate,Vaccine,War Greymon,Gaioumon,,,,
224,,Monzaemon,Ultimate,Vaccine,King Etemon,Callismon,,,,
225,,Yatagaramon,Ultimate,Vaccine,Valdurmon,Ravmon,Kuzuhamon,,,
226,,Rize Greymon,Ultimate,Vaccine,Sleipmon,Shine Greymon,Magna Kidmon,,,
227,,Rapidmon Perfect,Ultimate,Vaccine,Saint Galgomon,Hi Andromon,,,,
228,,Loader Leomon,Ultimate,Vaccine,Bancho Leomon,Metal Garurumon,Chaosdramon,,,
229,,Were Garurumon,Ultimate,Vaccine,Mercurymon,Metal Garurumon,,,,
230,,Anomalocarimon,Ultimate,Data,Vulcanusmon,Pukumon,,,,
231,,Enbarrmon,Ultimate,Data,Sleipmon,Skull Mammon,Enbarrmon Craniummon,,,
232,,Andiramon,Ultimate,Data,Dianamon,Cherubimon (Virtue),Cherubimon (Vice),,,
233,,Insekimon,Ultimate,Data,Metal Etemon,Boltmon,,,,
234,,Omega Shoutmon,Ultimate,Data,Pile Volcamon,Magna Kidmon,Durandamon,,,
235,,Chimairamon,Ultimate,Data,Grand Dracumon,Millenniumon,Mugendramon,,,
236,,Catch Mamemon,Ultimate,Data,Platinum Numemon,Prince Mamemon,,,,
237,,Crescemon,Ultimate,Data,Dianamon,Cherubimon (Virtue),Lord Knightmon,,,
238,,Super Starmon,Ultimate,Data,Goddramon,Prince Mamemon,Justimon,,,
239,,Skull Baluchimon,Ultimate,Data,Skull Mammon,Skull Baluchimon Titamon,,,,
240,,Savior Hackmon,Ultimate,Data,Gankoomon,Tiger Vespamon,Jesmon,,,
241,,Sirenmon,Ultimate,Data,Marin Angemon,Ceresmon,,,,
242,,Taomon,Ultimate,Data,Venusmon,Sakuyamon,Kuzuhamon,,,
243,,Digitamamon,Ultimate,Data,Bacchusmon,Titamon,,,,
244,,Death Meramon,Ultimate,Data,Beelzebumon,Boltmon,Avenge Kidmon,,,
245,,Delumon,Ultimate,Data,Valdurmon,Ceresmon,Platinum Numemon,,,
246,,Triceramon,Ultimate,Data,Breakdramon,Ultimate Brachiomon,,,,
247,,Doruguremon,Ultimate,Data,Dorugoramon,Alphamon,,,,
248,,Knightmon,Ultimate,Data,Zanbamon,Slash Angemon,Lord Knightmon,Duftmon,,
249,,Hangyomon,Ultimate,Data,Neptunemon,Plesiomon,,,,
250,,Pandamon,Ultimate,Data,Mercurymon,Mirage Gaogamon,Justimon,,,
251,,Pumpmon,Ultimate,Data,Rosemon,Lotusmon,,,,
252,,Big Mamemon,Ultimate,Data,Platinum Numemon,Prince Mamemon,Grand Locomon,,,
253,,Piccolomon,Ultimate,Data,Venusmon,Ofanimon,Clavis Angemon,,,
254,,Hippogriffomon,Ultimate,Data,Griffomon,Crossmon,Dynasmon,,,
255,,Brachiomon,Ultimate,Data,Ouryumon,Rust Tyranomon,Ultimate Brachiomon,,,
256,,Volcamon,Ultimate,Data,Bancho Leomon,Pile Volcamon,Gankoomon,Apollomon,,
257,,Master Blimpmon,Ultimate,Data,Grand Locomon,Gundramon,,,,
258,,Mach Gaogamon,Ultimate,Data,Mirage Gaogamon,Saint Galgomon,,,,
259,,Mamemon,Ultimate,Data,Pukumon,Prince Mamemon,,,,
260,,Mega Seadramon,Ultimate,Data,Jumbo Gamemon,Ouryumon,Metal Seadramon,,,
261,,Metal Mamemon,Ultimate,Data,Metal Garurumon,Magna Kidmon,,,,
262,,Lilamon,Ultimate,Data,Lilithmon,Rosemon,Pinochimon,,,
263,,Lilimon,Ultimate,Data,Rosemon,Ceresmon,,,,
264,,Locomon,Ultimate,Data,Grand Locomon,Hi Andromon,,,,
265,,Astamon,Ultimate,Virus,Beelzebumon,Plutomon,Belphemon: Sleep Mode,Venom Vamdemon,,
266,,Archnemon,Ultimate,Virus,Lilithmon,Tyrant Kabuterimon,Lotusmon,,,
267,,Vamdemon,Ultimate,Virus,Demon,Belial Vamdemon,Venom Vamdemon,,,
268,,Etemon,Ultimate,Virus,Pile Volcamon,King Etemon,Metal Etemon,,,
269,,Okuwamon,Ultimate,Virus,Tyrant Kabuterimon,Herakle Kabuterimon,Gran Kuwagamon,,,
270,,Orochimon,Ultimate,Virus,Bacchusmon,Gundramon,Minervamon,,,
271,,Gerbemon,Ultimate,Virus,Jumbo Gamemon,Metal Etemon,,,,
272,,Gigadramon,Ultimate,Virus,Gundramon,Chaosdramon,,,,
273,,Cannonbeemon,Ultimate,Virus,Saint Galgomon,Tiger Vespamon,,,,
274,,Groundramon,Ultimate,Virus,Megidramon,Breakdramon,,,,
275,,Sharkmon,Ultimate,Virus,Neptunemon,Metal Seadramon,,,,
276,,Shawujinmon,Ultimate,Virus,Barbamon,Jumbo Gamemon,Pinochimon,,,
277,,Jyureimon,Ultimate,Virus,Pinochimon,Rosemon,Gran Kuwagamon,,,
278,,Skull Greymon,Ultimate,Virus,Titamon,Skull Mammon,,,,
279,,Skull Satamon,Ultimate,Virus,Barbamon,Piemon,Ebemon,,,
280,,Skullseadramon,Ultimate,Virus,Leviamon,Metal Seadramon,,,,
281,,Dark Super Starmon,Ultimate,Virus,Beel Starmon,Titamon,Ravmon,,,
282,,Dagomon,Ultimate,Virus,Vulcanusmon,Ebemon,,,,
283,,Tankdramon,Ultimate,Virus,Gundramon,Darkdramon,,,,
284,,Tonosama Gekomon,Ultimate,Virus,King Etemon,Bacchusmon,Pukumon,,,
285,,Nanomon,Ultimate,Virus,Pharaohmon,Diablomon,,,,
286,,Fantomon,Ultimate,Virus,Sakuyamon,Piemon,Belphemon: Sleep Mode,Ravmon,,
287,,Black King Numemon,Ultimate,Virus,Platinum Numemon,Metal Etemon,,,,
288,,Blue Meramon,Ultimate,Virus,Marsmon,Pharaohmon,,,,
289,,Vademon,Ultimate,Virus,Ebemon,Avenge Kidmon,,,,
290,,Matadrmon,Ultimate,Virus,Grand Dracumon,Slash Angemon,Kuzuhamon,,,
291,,Mummymon,Ultimate,Virus,Pharaohmon,Hi Andromon,Avenge Kidmon,,,
292,,Mistymon,Ultimate,Virus,Chaos Dukemon,Zanbamon,Medieval Dukemon,Dynasmon,,
293,,Megadramon,Ultimate,Virus,Megidramon,Mugendramon,,,,
294,,Megalo Growmon,Ultimate,Virus,Megidramon,Dukemon,Chaos Dukemon,Chaosdramon,,
295,,Metal Tyranomon,Ultimate,Virus,Rust Tyranomon,Mugendramon,Ultimate Brachiomon,,,
296,,Lucemon: Falldown Mode,Ultimate,Virus,Lucemon: Satan Mode,,,,,
297,,Lady Devimon,Ultimate,Virus,Lilithmon,Beel Starmon,Mastemon,,,
298,,Wisemon,Ultimate,Virus,Demon,Chaos Dukemon,Ancient Wisemon,,,
299,,Waru Seadramon,Ultimate,Virus,Leviamon,Megidramon,Metal Seadramon,,,
300,,Shakkoumon,Ultimate,Free,Goddramon,Junomon,Vikemon,Holydramon,,
301,,Silphymon,Ultimate,Free,Beel Starmon,Minervamon,Valkyrimon,,,
302,,Dinobeemon,Ultimate,Free,Gran Kuwagamon,Tiger Vespamon,,,,
303,,Paildramon,Ultimate,Free,Dorugoramon,Imperialdramon: Dragon Mode,Darkdramon,,,
304,,Infermon,Ultimate,Unknown,Belial Vamdemon,Diablomon,Cherubimon (Vice),,,
305,,Aldamon,Fusion Hybrid,Variable,Kaiser Greymon,,,,,
306,,Beowolfmon,Fusion Hybrid,Variable,Magna Garurumon,,,,,
307,,Apollomon,Mega,Vaccine,Grace Novamon,,,,,
308,,Alphamon,Mega,Vaccine,Alphamon: Ouryuken,,,,,
309,,Ulforce V-Dramon,Mega,Vaccine,,,,,,
310,,Valdurmon,Mega,Vaccine,Chaosmon: Valdur Arm,,,,,
311,,Venusmon,Mega,Vaccine,,,,,,
312,,War Greymon,Mega,Vaccine,Omegamon,,,,,
313,,Ouryumon,Mega,Vaccine,Alphamon: Ouryuken,,,,,
314,,Ofanimon,Mega,Vaccine,,,,,,
315,,Clavis Angemon,Mega,Vaccine,,,,,,
316,,Craniummon,Mega,Vaccine,Enbarrmon Craniummon,,,,,
317,,Crossmon,Mega,Vaccine,,,,,,
318,,Chronomon,Mega,Vaccine,,,,,,
319,,Cherubimon (Vice),Mega,Vaccine,,,,,,
320,,Cherubimon (Virtue),Mega,Vaccine,,,,,,
321,,Goddramon,Mega,Vaccine,,,,,,
322,,Shine Greymon,Mega,Vaccine,Shine Greymon: Burst Mode,,,,,
323,,Justimon,Mega,Vaccine,,,,,,
324,,Skull Mammon,Mega,Vaccine,,,,,,
325,,Slash Angemon,Mega,Vaccine,,,,,,
326,,Sleipmon,Mega,Vaccine,,,,,,
327,,Slayerdramon,Mega,Vaccine,Examon,,,,,
328,,Seraphimon,Mega,Vaccine,,,,,,
329,,Saint Galgomon,Mega,Vaccine,,,,,,
330,,Durandamon,Mega,Vaccine,,,,,,
331,,Neptunemon,Mega,Vaccine,,,,,,
332,,Hi Andromon,Mega,Vaccine,,,,,,
333,,Bancho Leomon,Mega,Vaccine,Chaosmon: Valdur Arm,Chaosmon,,,,
334,,Herakle Kabuterimon,Mega,Vaccine,,,,,,
335,,Hououmon,Mega,Vaccine,,,,,,
336,,Holydramon,Mega,Vaccine,,,,,,
337,,Mastemon,Mega,Vaccine,,,,,,
338,,Marin Angemon,Mega,Vaccine,,,,,,
339,,Marsmon,Mega,Vaccine,,,,,,
340,,Jupitermon,Mega,Vaccine,Jupitermon: Wrath Mode,,,,,
341,,Ravmon,Mega,Vaccine,Ravmon: Burst Mode,,,,,
342,,Ultimate Brachiomon,Mega,Data,,,,,,
343,,Vulcanusmon,Mega,Data,,,,,,
344,,Gankoomon,Mega,Data,,,,,,
345,,Kuzuhamon,Mega,Data,,,,,,
346,,Grand Locomon,Mega,Data,,,,,,
347,,Griffomon,Mega,Data,,,,,,
348,,Ceresmon,Mega,Data,Ceresmon Medium,,,,,
349,,Ceresmon Medium,Mega,Data,Ceresmon,,,,,
350,,Saber Leomon,Mega,Data,,,,,,
351,,Sakuyamon,Mega,Data,,,,,,
352,,Jesmon,Mega,Data,,,,,,
353,,Jumbo Gamemon,Mega,Data,,,,,,
354,,Dianamon,Mega,Data,Grace Novamon,,,,,
355,,Dynasmon,Mega,Data,,,,,,
356,,Duftmon,Mega,Data,Duftmon: Leopard Mode,,,,,
357,,Duftmon: Leopard Mode,Mega,Data,Duftmon,,,,,
358,,Dorugoramon,Mega,Data,,,,,,
359,,Pile Volcamon,Mega,Data,,,,,,
360,,Prince Mamemon,Mega,Data,,,,,,
361,,Plesiomon,Mega,Data,,,,,,
362,,Boltmon,Mega,Data,,,,,,
363,,Mirage Gaogamon,Mega,Data,Mirage Gaogamon: Burst Mode,,,,,
364,,Metal Garurumon,Mega,Data,Omegamon,,,,,
365,,Metal Seadramon,Mega,Data,,,,,,
366,,Medieval Dukemon,Mega,Data,,,,,,
367,,Rosemon,Mega,Data,Rosemon: Burst Mode,,,,,
368,,Lotusmon,Mega,Data,,,,,,
369,,Avenge Kidmon,Mega,Virus,,,,,,
370,,Ebemon,Mega,Virus,,,,,,
371,,Venom Vamdemon,Mega,Virus,,,,,,
372,,Ancient Wisemon,Mega,Virus,,,,,,
373,,Gaioumon,Mega,Virus,,,,,,
374,,Chaos Dukemon,Mega,Virus,,,,,,
375,,Chaosdramon,Mega,Virus,,,,,,
376,,Callismon,Mega,Virus,,,,,,
377,,Gundramon,Mega,Virus,,,,,,
378,,King Etemon,Mega,Virus,,,,,,
379,,Grand Dracumon,Mega,Virus,,,,,,
380,,Chronomon Destroy,Mega,Virus,,,,,,
381,,Zanbamon,Mega,Virus,,,,,,
382,,Undead Plutomon,Mega,Virus,,,,,,
383,,Darkdramon,Mega,Virus,Chaosmon,,,,,
384,,Tiger Vespamon,Mega,Virus,,,,,,
385,,Titamon,Mega,Virus,Skull Baluchimon Titamon,,,,,
386,,Tyrant Kabuterimon,Mega,Virus,,,,,,
387,,Demon,Mega,Virus,,,,,,
388,,Dukemon,Mega,Virus,Dukemon: Crimson Mode,,,,,
389,,Bacchusmon,Mega,Virus,Bacchusmon Drunk,,,,,
390,,Bacchusmon Drunk,Mega,Virus,Bacchusmon,,,,,
391,,Barbamon,Mega,Virus,,,,,,
392,,Piemon,Mega,Virus,Apocalymon,,,,,
393,,Pinochimon,Mega,Virus,,,,,,
394,,Pharaohmon,Mega,Virus,,,,,,
395,,Pukumon,Mega,Virus,,,,,,
396,,PlatinumNumemon,Mega,Virus,,,,,,
397,,Plutomon,Mega,Virus,Undead Plutomon,,,,,
398,,Breakdramon,Mega,Virus,Examon,,,,,
399,,MaloMyotismon,Mega,Virus,,,,,,
400,,BeelStarmon,Mega,Virus,,,,,,
401,,Beelzemon,Mega,Virus,Beelzebumon: Blast Mode,,,,,
402,,Belphemon SM,Mega,Virus,Belphemon: Rage Mode,,,,,
403,,MagnaKidmon,Mega,Virus,,,,,,
404,,Minervamon,Mega,Virus,Mervamon,,,,,
405,,Millenniummon,Mega,Virus,,,,,,
406,,Machinedramon,Mega,Virus,Millenniumon,,,,,
407,,Megidramon,Mega,Virus,,,,,,
408,,MetalEtemon,Mega,Virus,,,,,,
409,,Merukimon,Mega,Virus,,,,,,
410,,Junomon,Mega,Virus,Junomon: Hysteric Mode,,,,,
411,,Junomon HM,Mega,Virus,Junomon,,,,,
412,,RustTyrannomon,Mega,Virus,,,,,,
413,,Leviamon,Mega,Virus,,,,,,
414,,Lilithmon,Mega,Virus,,,,,,
415,,LordKnightmon,Mega,Virus,,,,,,
416,,Imperialdramon DM,Mega,Free,Imperialdramon: Fighter Mode,Imperialdramon: Paladin Mode,,,,
417,,Imperialdramon FM,Mega,Free,Imperialdramon: Paladin Mode,Imperialdramon: Dragon Mode,,,,
418,,Vikemon,Mega,Free,,,,,,
419,,Valkyrimon,Mega,Free,,,,,,
420,,GranKuwagamon,Mega,Free,,,,,,
421,,Diaboromon,Mega,Unknown,Armagemon,,,,,
422,,Rapidmon Armor,Golden Armor,Vaccine,,,,,,
423,,Magnamon,Golden Armor,Free,,,,,,
424,,EmperorGreymon,Transcendent Hybrid,Variable,Susanoomon,,,,,
425,,MagnaGarurumon,Transcendent Hybrid,Variable,Susanoomon,Magna Garurumon: Separation,,,,
426,,MagnaGarurumon Detached,Transcendent Hybrid,Variable,Magna Garurumon,,,,,
427,,Alphamon Ouryuken,Mega+,Vaccine,,,,,,
428,,Craniamon + Enbarrmon,Mega+,Vaccine,,,,,,
429,,Imperialdramon PM,Mega+,Vaccine,,,,,,
430,,Omnimon,Mega+,Vaccine,Omegamon Zwart,,,,,
431,,Omnimon Zwart,Mega+,Vaccine,Omegamon,,,,,
432,,Chaosmon,Mega+,Vaccine,,,,,,
433,,Chaosmon Valdur Arm,Mega+,Vaccine,,,,,,
434,,GraceNovamon,Mega+,Vaccine,,,,,,
435,,ShineGreymon BM,Mega+,Vaccine,,,,,,
436,,Susanomon,Mega+,Vaccine,,,,,,
437,,Jupitermon WM,Mega+,Vaccine,,,,,,
438,,Ravemon BM,Mega+,Vaccine,,,,,,
439,,Examon,Mega+,Data,,,,,,
440,,MirageGaogamon BM,Mega+,Data,,,,,,
441,,Rosemon BM,Mega+,Data,,,,,,
442,,Titamon + SkullBaluchimon,Mega+,Virus,,,,,,
443,,Gallantmon CM,Mega+,Virus,,,,,,
444,,Beelzemon BM,Mega+,Virus,,,,,,
445,,Belphemon RM,Mega+,Virus,,,,,,
446,,Mervamon,Mega+,Virus,,,,,,
447,,Lucemon SM,Mega+,Virus,,,,,,
448,,Armageddemon,Mega+,Unknown,,,,,,
449,,Agumon Bond of Bravery,Mega+,Unknown,,,,,,
450,,Apocalymon,Mega+,Unknown,,,,,,
451,,Gabumon Bond of Friendship,Mega+,Unknown,,,,,,